{
  "version": 1,
  "author": "Anonymous maker",
  "editor": "wokwi",
  "parts": [
    {
      "type": "wokwi-pi-pico",
      "id": "pico",
      "top": -57.34,
      "left": -77.34,
      "attrs": { "env": "micropython-20230426-v1.20.0" }
    },
    {
      "type": "wokwi-hc-sr04",
      "id": "ultrasonic1",
      "top": -28.5,
      "left": 40.57,
      "attrs": { "distance": "144" }
    }
  ],
  "connections": [
    [ "ultrasonic1:GND", "pico:GND.1", "black", [ "v39.45", "h-116.85", "v-94.17" ] ],
    [ "ultrasonic1:ECHO", "pico:GP21", "green", [ "v0" ] ],
    [ "ultrasonic1:TRIG", "pico:GP20", "green", [ "v0" ] ],
    [ "ultrasonic1:VCC", "pico:3V3", "red", [ "v6.12", "h-109.87" ] ]
  ],
  "dependencies": {}
}