{
  "version": 1,
  "author": "Anonymous maker",
  "editor": "wokwi",
  "parts": [
    {
      "type": "wokwi-pi-pico",
      "id": "pico",
      "top": -19.33,
      "left": -102.67,
      "attrs": { "env": "micropython-20230426-v1.20.0" }
    },
    {
      "type": "wokwi-dht22",
      "id": "dht1",
      "top": -4.36,
      "left": 86.61,
      "attrs": { "temperature": "-11.7", "humidity": "39" }
    },
    {
      "type": "wokwi-resistor",
      "id": "r1",
      "top": 121.02,
      "left": 24.67,
      "attrs": { "value": "10000" }
    }
  ],
  "connections": [
    [ "pico:GND.1", "dht1:GND", "black", [ "h0" ] ],
    [ "pico:GP2", "pico:GP4", "green", [ "h0" ] ],
    [ "dht1:SDA", "pico:GP16", "green", [ "v0" ] ],
    [ "dht1:VCC", "r1:1", "red", [ "v0" ] ],
    [ "r1:2", "pico:3V3", "green", [ "v0" ] ]
  ],
  "dependencies": {}
}