{
  "version": 1,
  "author": "Anonymous maker",
  "editor": "wokwi",
  "parts": [
    {
      "type": "wokwi-pi-pico",
      "id": "pico",
      "top": -6.67,
      "left": -73.33,
      "attrs": { "env": "micropython-20230426-v1.20.0" }
    },
    { "type": "wokwi-pir-motion-sensor", "id": "pir1", "top": 33.73, "left": 51.28, "attrs": {} }
  ],
  "connections": [
    [ "pico:GND.5", "pir1:GND", "black", [ "h0" ] ],
    [ "pico:3V3", "pir1:VCC", "green", [ "h0" ] ],
    [ "pir1:OUT", "pico:GP10", "green", [ "v0" ] ]
  ],
  "dependencies": {}
}